evento_id,data,contexto,uf,ano,turno,vencedor,partido,incumbente,poll_lead_pp,outcome_real,probabilidade_prior,outcome_framing
usgov2022_2022-10-23_NV_81234_163961_dem,2022-10-23,"Steve Sisolak (DEM) vs Joe Lombardo for Nevada governor 2022 (Phillips Academy, 2022-10-23)",NV,2022,1,Joe Lombardo,DEM,1,4.6,0,0.557,"Steve Sisolak (DEM) vs Joe Lombardo for Nevada governor 2022 (Phillips Academy, 2022-10-23)"
usgov2022_2022-10-23_NV_81234_163961_rep,2022-10-23,"Joe Lombardo (REP) vs Steve Sisolak for Nevada governor 2022 (Phillips Academy, 2022-10-23)",NV,2022,1,Joe Lombardo,REP,0,-4.6,1,0.443,"Joe Lombardo (REP) vs Steve Sisolak for Nevada governor 2022 (Phillips Academy, 2022-10-23)"
usgov2022_2022-10-23_GA_81232_163958_dem,2022-10-23,"Stacey Abrams (DEM) vs Brian Kemp for Georgia governor 2022 (Trafalgar Group, 2022-10-23)",GA,2022,1,Brian Kemp,DEM,0,-6.9,0,0.414,"Stacey Abrams (DEM) vs Brian Kemp for Georgia governor 2022 (Trafalgar Group, 2022-10-23)"
usgov2022_2022-10-23_GA_81232_163958_rep,2022-10-23,"Brian Kemp (REP) vs Stacey Abrams for Georgia governor 2022 (Trafalgar Group, 2022-10-23)",GA,2022,1,Brian Kemp,REP,1,6.9,1,0.586,"Brian Kemp (REP) vs Stacey Abrams for Georgia governor 2022 (Trafalgar Group, 2022-10-23)"
usgov2022_2022-10-23_MI_81221_163928_dem,2022-10-23,"Gretchen Whitmer (DEM) vs Tudor M. Dixon for Michigan governor 2022 (Cygnal Political, 2022-10-23)",MI,2022,1,Gretchen Whitmer,DEM,1,5.6,1,0.57,"Gretchen Whitmer (DEM) vs Tudor M. Dixon for Michigan governor 2022 (Cygnal Political, 2022-10-23)"
usgov2022_2022-10-23_MI_81221_163928_rep,2022-10-23,"Tudor M. Dixon (REP) vs Gretchen Whitmer for Michigan governor 2022 (Cygnal Political, 2022-10-23)",MI,2022,1,Gretchen Whitmer,REP,0,-5.6,0,0.43,"Tudor M. Dixon (REP) vs Gretchen Whitmer for Michigan governor 2022 (Cygnal Political, 2022-10-23)"
usgov2022_2022-10-21_AZ_81188_163831_dem,2022-10-21,"Katie Hobbs (DEM) vs Kari Lake for Arizona governor 2022 (co/efficient, 2022-10-21)",AZ,2022,1,Katie Hobbs,DEM,0,-3.3,1,0.459,"Katie Hobbs (DEM) vs Kari Lake for Arizona governor 2022 (co/efficient, 2022-10-21)"
usgov2022_2022-10-21_AZ_81188_163831_rep,2022-10-21,"Kari Lake (REP) vs Katie Hobbs for Arizona governor 2022 (co/efficient, 2022-10-21)",AZ,2022,1,Katie Hobbs,REP,1,3.3,0,0.541,"Kari Lake (REP) vs Katie Hobbs for Arizona governor 2022 (co/efficient, 2022-10-21)"
usgov2022_2022-10-21_NM_81230_163951_dem,2022-10-21,"Michelle Lujan Grisham (DEM) vs Mark V. Ronchetti for New Mexico governor 2022 (Trafalgar Group, 2022-10-21)",NM,2022,1,Michelle Lujan Grisham,DEM,1,-1.1,1,0.486,"Michelle Lujan Grisham (DEM) vs Mark V. Ronchetti for New Mexico governor 2022 (Trafalgar Group, 2022-10-21)"
usgov2022_2022-10-21_NM_81230_163951_rep,2022-10-21,"Mark V. Ronchetti (REP) vs Michelle Lujan Grisham for New Mexico governor 2022 (Trafalgar Group, 2022-10-21)",NM,2022,1,Michelle Lujan Grisham,REP,0,1.1,0,0.514,"Mark V. Ronchetti (REP) vs Michelle Lujan Grisham for New Mexico governor 2022 (Trafalgar Group, 2022-10-21)"
usgov2022_2022-10-21_MI_81209_163896_dem,2022-10-21,"Gretchen Whitmer (DEM) vs Tudor M. Dixon for Michigan governor 2022 (Trafalgar Group, 2022-10-21)",MI,2022,1,Gretchen Whitmer,DEM,1,0.5,1,0.506,"Gretchen Whitmer (DEM) vs Tudor M. Dixon for Michigan governor 2022 (Trafalgar Group, 2022-10-21)"
usgov2022_2022-10-21_MI_81209_163896_rep,2022-10-21,"Tudor M. Dixon (REP) vs Gretchen Whitmer for Michigan governor 2022 (Trafalgar Group, 2022-10-21)",MI,2022,1,Gretchen Whitmer,REP,0,-0.5,0,0.494,"Tudor M. Dixon (REP) vs Gretchen Whitmer for Michigan governor 2022 (Trafalgar Group, 2022-10-21)"
usgov2022_2022-10-21_MI_81195_163841_dem,2022-10-21,"Gretchen Whitmer (DEM) vs Tudor M. Dixon for Michigan governor 2022 (Cygnal Political, 2022-10-21)",MI,2022,1,Gretchen Whitmer,DEM,1,6.3,1,0.579,"Gretchen Whitmer (DEM) vs Tudor M. Dixon for Michigan governor 2022 (Cygnal Political, 2022-10-21)"
usgov2022_2022-10-21_MI_81195_163841_rep,2022-10-21,"Tudor M. Dixon (REP) vs Gretchen Whitmer for Michigan governor 2022 (Cygnal Political, 2022-10-21)",MI,2022,1,Gretchen Whitmer,REP,0,-6.3,0,0.421,"Tudor M. Dixon (REP) vs Gretchen Whitmer for Michigan governor 2022 (Cygnal Political, 2022-10-21)"
usgov2022_2022-10-20_NV_81203_163874_dem,2022-10-20,"Steve Sisolak (DEM) vs Joe Lombardo for Nevada governor 2022 (InsiderAdvantage, 2022-10-20)",NV,2022,1,Joe Lombardo,DEM,1,-5.7,0,0.429,"Steve Sisolak (DEM) vs Joe Lombardo for Nevada governor 2022 (InsiderAdvantage, 2022-10-20)"
usgov2022_2022-10-20_NV_81203_163874_rep,2022-10-20,"Joe Lombardo (REP) vs Steve Sisolak for Nevada governor 2022 (InsiderAdvantage, 2022-10-20)",NV,2022,1,Joe Lombardo,REP,0,5.7,1,0.571,"Joe Lombardo (REP) vs Steve Sisolak for Nevada governor 2022 (InsiderAdvantage, 2022-10-20)"
usgov2022_2022-10-20_PA_81225_163944_dem,2022-10-20,"Josh Shapiro (DEM) vs Douglas V. Mastriano for Pennsylvania governor 2022 (Rasmussen (Pulse Opi, 2022-10-20)",PA,2022,1,Josh Shapiro,DEM,1,3.0,1,0.537,"Josh Shapiro (DEM) vs Douglas V. Mastriano for Pennsylvania governor 2022 (Rasmussen (Pulse Opi, 2022-10-20)"
usgov2022_2022-10-20_PA_81225_163944_rep,2022-10-20,"Douglas V. Mastriano (REP) vs Josh Shapiro for Pennsylvania governor 2022 (Rasmussen (Pulse Opi, 2022-10-20)",PA,2022,1,Josh Shapiro,REP,0,-3.0,0,0.463,"Douglas V. Mastriano (REP) vs Josh Shapiro for Pennsylvania governor 2022 (Rasmussen (Pulse Opi, 2022-10-20)"
usgov2022_2022-10-20_PA_81182_163820_dem,2022-10-20,"Josh Shapiro (DEM) vs Douglas V. Mastriano for Pennsylvania governor 2022 (Echelon Insights, 2022-10-20)",PA,2022,1,Josh Shapiro,DEM,1,12.0,1,0.65,"Josh Shapiro (DEM) vs Douglas V. Mastriano for Pennsylvania governor 2022 (Echelon Insights, 2022-10-20)"
usgov2022_2022-10-20_PA_81182_163820_rep,2022-10-20,"Douglas V. Mastriano (REP) vs Josh Shapiro for Pennsylvania governor 2022 (Echelon Insights, 2022-10-20)",PA,2022,1,Josh Shapiro,REP,0,-12.0,0,0.35,"Douglas V. Mastriano (REP) vs Josh Shapiro for Pennsylvania governor 2022 (Echelon Insights, 2022-10-20)"
usgov2022_2022-10-19_PA_81152_163719_dem,2022-10-19,"Josh Shapiro (DEM) vs Douglas V. Mastriano for Pennsylvania governor 2022 (InsiderAdvantage, 2022-10-19)",PA,2022,1,Josh Shapiro,DEM,1,6.3,1,0.579,"Josh Shapiro (DEM) vs Douglas V. Mastriano for Pennsylvania governor 2022 (InsiderAdvantage, 2022-10-19)"
usgov2022_2022-10-19_PA_81152_163719_rep,2022-10-19,"Douglas V. Mastriano (REP) vs Josh Shapiro for Pennsylvania governor 2022 (InsiderAdvantage, 2022-10-19)",PA,2022,1,Josh Shapiro,REP,0,-6.3,0,0.421,"Douglas V. Mastriano (REP) vs Josh Shapiro for Pennsylvania governor 2022 (InsiderAdvantage, 2022-10-19)"
usgov2022_2022-10-19_MI_81174_163787_dem,2022-10-19,"Gretchen Whitmer (DEM) vs Tudor M. Dixon for Michigan governor 2022 (Mitchell, 2022-10-19)",MI,2022,1,Gretchen Whitmer,DEM,1,2.0,1,0.525,"Gretchen Whitmer (DEM) vs Tudor M. Dixon for Michigan governor 2022 (Mitchell, 2022-10-19)"
usgov2022_2022-10-19_MI_81174_163787_rep,2022-10-19,"Tudor M. Dixon (REP) vs Gretchen Whitmer for Michigan governor 2022 (Mitchell, 2022-10-19)",MI,2022,1,Gretchen Whitmer,REP,0,-2.0,0,0.475,"Tudor M. Dixon (REP) vs Gretchen Whitmer for Michigan governor 2022 (Mitchell, 2022-10-19)"
usgov2022_2022-10-19_AZ_81246_163982_dem,2022-10-19,"Katie Hobbs (DEM) vs Kari Lake for Arizona governor 2022 (Data Orbital, 2022-10-19)",AZ,2022,1,Katie Hobbs,DEM,0,-2.5,1,0.469,"Katie Hobbs (DEM) vs Kari Lake for Arizona governor 2022 (Data Orbital, 2022-10-19)"
usgov2022_2022-10-19_AZ_81246_163982_rep,2022-10-19,"Kari Lake (REP) vs Katie Hobbs for Arizona governor 2022 (Data Orbital, 2022-10-19)",AZ,2022,1,Katie Hobbs,REP,1,2.5,0,0.531,"Kari Lake (REP) vs Katie Hobbs for Arizona governor 2022 (Data Orbital, 2022-10-19)"
usgov2022_2022-10-19_MI_81151_163714_dem,2022-10-19,"Gretchen Whitmer (DEM) vs Tudor M. Dixon for Michigan governor 2022 (Cygnal Political, 2022-10-19)",MI,2022,1,Gretchen Whitmer,DEM,1,5.8,1,0.573,"Gretchen Whitmer (DEM) vs Tudor M. Dixon for Michigan governor 2022 (Cygnal Political, 2022-10-19)"
usgov2022_2022-10-19_MI_81151_163714_rep,2022-10-19,"Tudor M. Dixon (REP) vs Gretchen Whitmer for Michigan governor 2022 (Cygnal Political, 2022-10-19)",MI,2022,1,Gretchen Whitmer,REP,0,-5.8,0,0.428,"Tudor M. Dixon (REP) vs Gretchen Whitmer for Michigan governor 2022 (Cygnal Political, 2022-10-19)"
usgov2022_2022-10-19_NV_81146_163693_dem,2022-10-19,"Steve Sisolak (DEM) vs Joe Lombardo for Nevada governor 2022 (YouGov, 2022-10-19)",NV,2022,1,Joe Lombardo,DEM,1,0.0,0,0.5,"Steve Sisolak (DEM) vs Joe Lombardo for Nevada governor 2022 (YouGov, 2022-10-19)"
usgov2022_2022-10-19_NV_81146_163693_rep,2022-10-19,"Joe Lombardo (REP) vs Steve Sisolak for Nevada governor 2022 (YouGov, 2022-10-19)",NV,2022,1,Joe Lombardo,REP,0,0.0,1,0.5,"Joe Lombardo (REP) vs Steve Sisolak for Nevada governor 2022 (YouGov, 2022-10-19)"
usgov2022_2022-10-19_NV_81256_164020_dem,2022-10-19,"Steve Sisolak (DEM) vs Joe Lombardo for Nevada governor 2022 (BSP Research/Shaw & , 2022-10-19)",NV,2022,1,Joe Lombardo,DEM,1,2.0,0,0.525,"Steve Sisolak (DEM) vs Joe Lombardo for Nevada governor 2022 (BSP Research/Shaw & , 2022-10-19)"
usgov2022_2022-10-19_NV_81256_164020_rep,2022-10-19,"Joe Lombardo (REP) vs Steve Sisolak for Nevada governor 2022 (BSP Research/Shaw & , 2022-10-19)",NV,2022,1,Joe Lombardo,REP,0,-2.0,1,0.475,"Joe Lombardo (REP) vs Steve Sisolak for Nevada governor 2022 (BSP Research/Shaw & , 2022-10-19)"
usgov2022_2022-10-18_OR_81147_163692_dem,2022-10-18,"Tina Kotek (DEM) vs Christine Drazan for Oregon governor 2022 (Hoffman Research, 2022-10-18)",OR,2022,1,Tina Kotek,DEM,1,-2.0,1,0.475,"Tina Kotek (DEM) vs Christine Drazan for Oregon governor 2022 (Hoffman Research, 2022-10-18)"
usgov2022_2022-10-18_OR_81147_163692_rep,2022-10-18,"Christine Drazan (REP) vs Tina Kotek for Oregon governor 2022 (Hoffman Research, 2022-10-18)",OR,2022,1,Tina Kotek,REP,0,2.0,0,0.525,"Christine Drazan (REP) vs Tina Kotek for Oregon governor 2022 (Hoffman Research, 2022-10-18)"
usgov2022_2022-10-18_OR_81197_163856_dem,2022-10-18,"Tina Kotek (DEM) vs Christine Drazan for Oregon governor 2022 (Data for Progress, 2022-10-18)",OR,2022,1,Tina Kotek,DEM,1,-1.0,1,0.487,"Tina Kotek (DEM) vs Christine Drazan for Oregon governor 2022 (Data for Progress, 2022-10-18)"
usgov2022_2022-10-18_OR_81197_163856_rep,2022-10-18,"Christine Drazan (REP) vs Tina Kotek for Oregon governor 2022 (Data for Progress, 2022-10-18)",OR,2022,1,Tina Kotek,REP,0,1.0,0,0.512,"Christine Drazan (REP) vs Tina Kotek for Oregon governor 2022 (Data for Progress, 2022-10-18)"
usgov2022_2022-10-18_OR_81154_163720_dem,2022-10-18,"Tina Kotek (DEM) vs Christine Drazan for Oregon governor 2022 (Civiqs, 2022-10-18)",OR,2022,1,Tina Kotek,DEM,1,8.0,1,0.6,"Tina Kotek (DEM) vs Christine Drazan for Oregon governor 2022 (Civiqs, 2022-10-18)"
usgov2022_2022-10-18_OR_81154_163720_rep,2022-10-18,"Christine Drazan (REP) vs Tina Kotek for Oregon governor 2022 (Civiqs, 2022-10-18)",OR,2022,1,Tina Kotek,REP,0,-8.0,0,0.4,"Christine Drazan (REP) vs Tina Kotek for Oregon governor 2022 (Civiqs, 2022-10-18)"
usgov2022_2022-10-18_AZ_81229_163950_dem,2022-10-18,"Katie Hobbs (DEM) vs Kari Lake for Arizona governor 2022 (Susquehanna, 2022-10-18)",AZ,2022,1,Katie Hobbs,DEM,0,0.7,1,0.509,"Katie Hobbs (DEM) vs Kari Lake for Arizona governor 2022 (Susquehanna, 2022-10-18)"
usgov2022_2022-10-18_AZ_81229_163950_rep,2022-10-18,"Kari Lake (REP) vs Katie Hobbs for Arizona governor 2022 (Susquehanna, 2022-10-18)",AZ,2022,1,Katie Hobbs,REP,1,-0.7,0,0.491,"Kari Lake (REP) vs Katie Hobbs for Arizona governor 2022 (Susquehanna, 2022-10-18)"
usgov2022_2022-10-18_MI_81220_163926_dem,2022-10-18,"Gretchen Whitmer (DEM) vs Tudor M. Dixon for Michigan governor 2022 (SSRS, 2022-10-18)",MI,2022,1,Gretchen Whitmer,DEM,1,14.0,1,0.675,"Gretchen Whitmer (DEM) vs Tudor M. Dixon for Michigan governor 2022 (SSRS, 2022-10-18)"
usgov2022_2022-10-18_MI_81220_163926_rep,2022-10-18,"Tudor M. Dixon (REP) vs Gretchen Whitmer for Michigan governor 2022 (SSRS, 2022-10-18)",MI,2022,1,Gretchen Whitmer,REP,0,-14.0,0,0.325,"Tudor M. Dixon (REP) vs Gretchen Whitmer for Michigan governor 2022 (SSRS, 2022-10-18)"
usgov2022_2022-10-18_MI_81220_163927_dem,2022-10-18,"Gretchen Whitmer (DEM) vs Tudor M. Dixon for Michigan governor 2022 (SSRS, 2022-10-18)",MI,2022,1,Gretchen Whitmer,DEM,1,6.0,1,0.575,"Gretchen Whitmer (DEM) vs Tudor M. Dixon for Michigan governor 2022 (SSRS, 2022-10-18)"
usgov2022_2022-10-18_MI_81220_163927_rep,2022-10-18,"Tudor M. Dixon (REP) vs Gretchen Whitmer for Michigan governor 2022 (SSRS, 2022-10-18)",MI,2022,1,Gretchen Whitmer,REP,0,-6.0,0,0.425,"Tudor M. Dixon (REP) vs Gretchen Whitmer for Michigan governor 2022 (SSRS, 2022-10-18)"
usgov2022_2022-10-18_GA_81244_163979_dem,2022-10-18,"Stacey Abrams (DEM) vs Brian Kemp for Georgia governor 2022 (East Carolina Univer, 2022-10-18)",GA,2022,1,Brian Kemp,DEM,0,-7.3,0,0.409,"Stacey Abrams (DEM) vs Brian Kemp for Georgia governor 2022 (East Carolina Univer, 2022-10-18)"
usgov2022_2022-10-18_GA_81244_163979_rep,2022-10-18,"Brian Kemp (REP) vs Stacey Abrams for Georgia governor 2022 (East Carolina Univer, 2022-10-18)",GA,2022,1,Brian Kemp,REP,1,7.3,1,0.591,"Brian Kemp (REP) vs Stacey Abrams for Georgia governor 2022 (East Carolina Univer, 2022-10-18)"
usgov2022_2022-10-17_AZ_81121_163548_dem,2022-10-17,"Katie Hobbs (DEM) vs Kari Lake for Arizona governor 2022 (Trafalgar Group, 2022-10-17)",AZ,2022,1,Katie Hobbs,DEM,0,-2.8,1,0.465,"Katie Hobbs (DEM) vs Kari Lake for Arizona governor 2022 (Trafalgar Group, 2022-10-17)"
usgov2022_2022-10-17_AZ_81121_163548_rep,2022-10-17,"Kari Lake (REP) vs Katie Hobbs for Arizona governor 2022 (Trafalgar Group, 2022-10-17)",AZ,2022,1,Katie Hobbs,REP,1,2.8,0,0.535,"Kari Lake (REP) vs Katie Hobbs for Arizona governor 2022 (Trafalgar Group, 2022-10-17)"
usgov2022_2022-10-17_GA_81112_163520_dem,2022-10-17,"Stacey Abrams (DEM) vs Brian Kemp for Georgia governor 2022 (Landmark Communicati, 2022-10-17)",GA,2022,1,Brian Kemp,DEM,0,-6.6,0,0.417,"Stacey Abrams (DEM) vs Brian Kemp for Georgia governor 2022 (Landmark Communicati, 2022-10-17)"
usgov2022_2022-10-17_GA_81112_163520_rep,2022-10-17,"Brian Kemp (REP) vs Stacey Abrams for Georgia governor 2022 (Landmark Communicati, 2022-10-17)",GA,2022,1,Brian Kemp,REP,1,6.6,1,0.583,"Brian Kemp (REP) vs Stacey Abrams for Georgia governor 2022 (Landmark Communicati, 2022-10-17)"
usgov2022_2022-10-17_NV_81187_163828_dem,2022-10-17,"Steve Sisolak (DEM) vs Joe Lombardo for Nevada governor 2022 (Rasmussen (Pulse Opi, 2022-10-17)",NV,2022,1,Joe Lombardo,DEM,1,-5.0,0,0.438,"Steve Sisolak (DEM) vs Joe Lombardo for Nevada governor 2022 (Rasmussen (Pulse Opi, 2022-10-17)"
usgov2022_2022-10-17_NV_81187_163828_rep,2022-10-17,"Joe Lombardo (REP) vs Steve Sisolak for Nevada governor 2022 (Rasmussen (Pulse Opi, 2022-10-17)",NV,2022,1,Joe Lombardo,REP,0,5.0,1,0.562,"Joe Lombardo (REP) vs Steve Sisolak for Nevada governor 2022 (Rasmussen (Pulse Opi, 2022-10-17)"
usgov2022_2022-10-17_GA_81200_163875_dem,2022-10-17,"Stacey Abrams (DEM) vs Brian Kemp for Georgia governor 2022 (Data for Progress, 2022-10-17)",GA,2022,1,Brian Kemp,DEM,0,-10.0,0,0.375,"Stacey Abrams (DEM) vs Brian Kemp for Georgia governor 2022 (Data for Progress, 2022-10-17)"
usgov2022_2022-10-17_GA_81200_163875_rep,2022-10-17,"Brian Kemp (REP) vs Stacey Abrams for Georgia governor 2022 (Data for Progress, 2022-10-17)",GA,2022,1,Brian Kemp,REP,1,10.0,1,0.625,"Brian Kemp (REP) vs Stacey Abrams for Georgia governor 2022 (Data for Progress, 2022-10-17)"
usgov2022_2022-10-17_PA_81216_163922_dem,2022-10-17,"Josh Shapiro (DEM) vs Douglas V. Mastriano for Pennsylvania governor 2022 (SSRS, 2022-10-17)",PA,2022,1,Josh Shapiro,DEM,1,17.0,1,0.713,"Josh Shapiro (DEM) vs Douglas V. Mastriano for Pennsylvania governor 2022 (SSRS, 2022-10-17)"
usgov2022_2022-10-17_PA_81216_163922_rep,2022-10-17,"Douglas V. Mastriano (REP) vs Josh Shapiro for Pennsylvania governor 2022 (SSRS, 2022-10-17)",PA,2022,1,Josh Shapiro,REP,0,-17.0,0,0.287,"Douglas V. Mastriano (REP) vs Josh Shapiro for Pennsylvania governor 2022 (SSRS, 2022-10-17)"
usgov2022_2022-10-17_PA_81216_163923_dem,2022-10-17,"Josh Shapiro (DEM) vs Douglas V. Mastriano for Pennsylvania governor 2022 (SSRS, 2022-10-17)",PA,2022,1,Josh Shapiro,DEM,1,15.0,1,0.688,"Josh Shapiro (DEM) vs Douglas V. Mastriano for Pennsylvania governor 2022 (SSRS, 2022-10-17)"
usgov2022_2022-10-17_PA_81216_163923_rep,2022-10-17,"Douglas V. Mastriano (REP) vs Josh Shapiro for Pennsylvania governor 2022 (SSRS, 2022-10-17)",PA,2022,1,Josh Shapiro,REP,0,-15.0,0,0.312,"Douglas V. Mastriano (REP) vs Josh Shapiro for Pennsylvania governor 2022 (SSRS, 2022-10-17)"
usgov2022_2022-10-17_WI_81217_163924_dem,2022-10-17,"Tony Evers (DEM) vs Tim Michels for Wisconsin governor 2022 (SSRS, 2022-10-17)",WI,2022,1,Tony Evers,DEM,1,4.0,1,0.55,"Tony Evers (DEM) vs Tim Michels for Wisconsin governor 2022 (SSRS, 2022-10-17)"
usgov2022_2022-10-17_WI_81217_163924_rep,2022-10-17,"Tim Michels (REP) vs Tony Evers for Wisconsin governor 2022 (SSRS, 2022-10-17)",WI,2022,1,Tony Evers,REP,0,-4.0,0,0.45,"Tim Michels (REP) vs Tony Evers for Wisconsin governor 2022 (SSRS, 2022-10-17)"
usgov2022_2022-10-17_WI_81217_163925_dem,2022-10-17,"Tony Evers (DEM) vs Tim Michels for Wisconsin governor 2022 (SSRS, 2022-10-17)",WI,2022,1,Tony Evers,DEM,1,2.0,1,0.525,"Tony Evers (DEM) vs Tim Michels for Wisconsin governor 2022 (SSRS, 2022-10-17)"
usgov2022_2022-10-17_WI_81217_163925_rep,2022-10-17,"Tim Michels (REP) vs Tony Evers for Wisconsin governor 2022 (SSRS, 2022-10-17)",WI,2022,1,Tony Evers,REP,0,-2.0,0,0.475,"Tim Michels (REP) vs Tony Evers for Wisconsin governor 2022 (SSRS, 2022-10-17)"
usgov2022_2022-10-16_GA_81107_163487_dem,2022-10-16,"Stacey Abrams (DEM) vs Brian Kemp for Georgia governor 2022 (InsiderAdvantage, 2022-10-16)",GA,2022,1,Brian Kemp,DEM,0,-7.4,0,0.408,"Stacey Abrams (DEM) vs Brian Kemp for Georgia governor 2022 (InsiderAdvantage, 2022-10-16)"
usgov2022_2022-10-16_GA_81107_163487_rep,2022-10-16,"Brian Kemp (REP) vs Stacey Abrams for Georgia governor 2022 (InsiderAdvantage, 2022-10-16)",GA,2022,1,Brian Kemp,REP,1,7.4,1,0.593,"Brian Kemp (REP) vs Stacey Abrams for Georgia governor 2022 (InsiderAdvantage, 2022-10-16)"
usgov2022_2022-10-15_ME_81159_163729_dem,2022-10-15,"Janet T. Mills (DEM) vs Paul R. LePage for Maine governor 2022 (Pan Atlantic/SMS, 2022-10-15)",ME,2022,1,Janet Mills,DEM,1,10.0,1,0.625,"Janet T. Mills (DEM) vs Paul R. LePage for Maine governor 2022 (Pan Atlantic/SMS, 2022-10-15)"
usgov2022_2022-10-15_ME_81159_163729_rep,2022-10-15,"Paul R. LePage (REP) vs Janet T. Mills for Maine governor 2022 (Pan Atlantic/SMS, 2022-10-15)",ME,2022,1,Janet Mills,REP,0,-10.0,0,0.375,"Paul R. LePage (REP) vs Janet T. Mills for Maine governor 2022 (Pan Atlantic/SMS, 2022-10-15)"
usgov2022_2022-10-14_MI_81084_163421_dem,2022-10-14,"Gretchen Whitmer (DEM) vs Tudor M. Dixon for Michigan governor 2022 (Cygnal Political, 2022-10-14)",MI,2022,1,Gretchen Whitmer,DEM,1,5.1,1,0.564,"Gretchen Whitmer (DEM) vs Tudor M. Dixon for Michigan governor 2022 (Cygnal Political, 2022-10-14)"
usgov2022_2022-10-14_MI_81084_163421_rep,2022-10-14,"Tudor M. Dixon (REP) vs Gretchen Whitmer for Michigan governor 2022 (Cygnal Political, 2022-10-14)",MI,2022,1,Gretchen Whitmer,REP,0,-5.1,0,0.436,"Tudor M. Dixon (REP) vs Gretchen Whitmer for Michigan governor 2022 (Cygnal Political, 2022-10-14)"
usgov2022_2022-10-14_MI_81106_163486_dem,2022-10-14,"Gretchen Whitmer (DEM) vs Tudor M. Dixon for Michigan governor 2022 (Emerson College Poll, 2022-10-14)",MI,2022,1,Gretchen Whitmer,DEM,1,5.4,1,0.568,"Gretchen Whitmer (DEM) vs Tudor M. Dixon for Michigan governor 2022 (Emerson College Poll, 2022-10-14)"
usgov2022_2022-10-14_MI_81106_163486_rep,2022-10-14,"Tudor M. Dixon (REP) vs Gretchen Whitmer for Michigan governor 2022 (Emerson College Poll, 2022-10-14)",MI,2022,1,Gretchen Whitmer,REP,0,-5.4,0,0.432,"Tudor M. Dixon (REP) vs Gretchen Whitmer for Michigan governor 2022 (Emerson College Poll, 2022-10-14)"
usgov2022_2022-10-14_MI_81194_163839_dem,2022-10-14,"Gretchen Whitmer (DEM) vs Tudor M. Dixon for Michigan governor 2022 (Wick, 2022-10-14)",MI,2022,1,Gretchen Whitmer,DEM,1,-0.8,1,0.49,"Gretchen Whitmer (DEM) vs Tudor M. Dixon for Michigan governor 2022 (Wick, 2022-10-14)"
usgov2022_2022-10-14_MI_81194_163839_rep,2022-10-14,"Tudor M. Dixon (REP) vs Gretchen Whitmer for Michigan governor 2022 (Wick, 2022-10-14)",MI,2022,1,Gretchen Whitmer,REP,0,0.8,0,0.51,"Tudor M. Dixon (REP) vs Gretchen Whitmer for Michigan governor 2022 (Wick, 2022-10-14)"
usgov2022_2022-10-13_AZ_81092_163441_dem,2022-10-13,"Katie Hobbs (DEM) vs Kari Lake for Arizona governor 2022 (HighGround, 2022-10-13)",AZ,2022,1,Katie Hobbs,DEM,0,1.0,1,0.512,"Katie Hobbs (DEM) vs Kari Lake for Arizona governor 2022 (HighGround, 2022-10-13)"
usgov2022_2022-10-13_AZ_81092_163441_rep,2022-10-13,"Kari Lake (REP) vs Katie Hobbs for Arizona governor 2022 (HighGround, 2022-10-13)",AZ,2022,1,Katie Hobbs,REP,1,-1.0,0,0.487,"Kari Lake (REP) vs Katie Hobbs for Arizona governor 2022 (HighGround, 2022-10-13)"
usgov2022_2022-10-13_OR_81128_163616_dem,2022-10-13,"Tina Kotek (DEM) vs Christine Drazan for Oregon governor 2022 (GBAO, 2022-10-13)",OR,2022,1,Tina Kotek,DEM,1,2.0,1,0.525,"Tina Kotek (DEM) vs Christine Drazan for Oregon governor 2022 (GBAO, 2022-10-13)"
usgov2022_2022-10-13_OR_81128_163616_rep,2022-10-13,"Christine Drazan (REP) vs Tina Kotek for Oregon governor 2022 (GBAO, 2022-10-13)",OR,2022,1,Tina Kotek,REP,0,-2.0,0,0.475,"Christine Drazan (REP) vs Tina Kotek for Oregon governor 2022 (GBAO, 2022-10-13)"
usgov2022_2022-10-13_PA_81190_163837_dem,2022-10-13,"Josh Shapiro (DEM) vs Douglas V. Mastriano for Pennsylvania governor 2022 (Wick, 2022-10-13)",PA,2022,1,Josh Shapiro,DEM,1,2.1,1,0.526,"Josh Shapiro (DEM) vs Douglas V. Mastriano for Pennsylvania governor 2022 (Wick, 2022-10-13)"
usgov2022_2022-10-13_PA_81190_163837_rep,2022-10-13,"Douglas V. Mastriano (REP) vs Josh Shapiro for Pennsylvania governor 2022 (Wick, 2022-10-13)",PA,2022,1,Josh Shapiro,REP,0,-2.1,0,0.474,"Douglas V. Mastriano (REP) vs Josh Shapiro for Pennsylvania governor 2022 (Wick, 2022-10-13)"
usgov2022_2022-10-13_GA_81191_163838_dem,2022-10-13,"Stacey Abrams (DEM) vs Brian Kemp for Georgia governor 2022 (Wick, 2022-10-13)",GA,2022,1,Brian Kemp,DEM,0,-9.1,0,0.386,"Stacey Abrams (DEM) vs Brian Kemp for Georgia governor 2022 (Wick, 2022-10-13)"
usgov2022_2022-10-13_GA_81191_163838_rep,2022-10-13,"Brian Kemp (REP) vs Stacey Abrams for Georgia governor 2022 (Wick, 2022-10-13)",GA,2022,1,Brian Kemp,REP,1,9.1,1,0.614,"Brian Kemp (REP) vs Stacey Abrams for Georgia governor 2022 (Wick, 2022-10-13)"
usgov2022_2022-10-13_AZ_81192_163840_dem,2022-10-13,"Katie Hobbs (DEM) vs Kari Lake for Arizona governor 2022 (Wick, 2022-10-13)",AZ,2022,1,Katie Hobbs,DEM,0,0.1,1,0.501,"Katie Hobbs (DEM) vs Kari Lake for Arizona governor 2022 (Wick, 2022-10-13)"
usgov2022_2022-10-13_AZ_81192_163840_rep,2022-10-13,"Kari Lake (REP) vs Katie Hobbs for Arizona governor 2022 (Wick, 2022-10-13)",AZ,2022,1,Katie Hobbs,REP,1,-0.1,0,0.499,"Kari Lake (REP) vs Katie Hobbs for Arizona governor 2022 (Wick, 2022-10-13)"
usgov2022_2022-10-12_MI_81059_163294_dem,2022-10-12,"Gretchen Whitmer (DEM) vs Tudor M. Dixon for Michigan governor 2022 (InsiderAdvantage, 2022-10-12)",MI,2022,1,Gretchen Whitmer,DEM,1,0.5,1,0.506,"Gretchen Whitmer (DEM) vs Tudor M. Dixon for Michigan governor 2022 (InsiderAdvantage, 2022-10-12)"
usgov2022_2022-10-12_MI_81059_163294_rep,2022-10-12,"Tudor M. Dixon (REP) vs Gretchen Whitmer for Michigan governor 2022 (InsiderAdvantage, 2022-10-12)",MI,2022,1,Gretchen Whitmer,REP,0,-0.5,0,0.494,"Tudor M. Dixon (REP) vs Gretchen Whitmer for Michigan governor 2022 (InsiderAdvantage, 2022-10-12)"
usgov2022_2022-10-12_MI_81038_163250_dem,2022-10-12,"Gretchen Whitmer (DEM) vs Tudor M. Dixon for Michigan governor 2022 (EPIC/MRA, 2022-10-12)",MI,2022,1,Gretchen Whitmer,DEM,1,11.0,1,0.637,"Gretchen Whitmer (DEM) vs Tudor M. Dixon for Michigan governor 2022 (EPIC/MRA, 2022-10-12)"
usgov2022_2022-10-12_MI_81038_163250_rep,2022-10-12,"Tudor M. Dixon (REP) vs Gretchen Whitmer for Michigan governor 2022 (EPIC/MRA, 2022-10-12)",MI,2022,1,Gretchen Whitmer,REP,0,-11.0,0,0.362,"Tudor M. Dixon (REP) vs Gretchen Whitmer for Michigan governor 2022 (EPIC/MRA, 2022-10-12)"
usgov2022_2022-10-12_PA_81115_163535_dem,2022-10-12,"Josh Shapiro (DEM) vs Douglas V. Mastriano for Pennsylvania governor 2022 (Fabrizio/Impact, 2022-10-12)",PA,2022,1,Josh Shapiro,DEM,1,11.0,1,0.637,"Josh Shapiro (DEM) vs Douglas V. Mastriano for Pennsylvania governor 2022 (Fabrizio/Impact, 2022-10-12)"
usgov2022_2022-10-12_PA_81115_163535_rep,2022-10-12,"Douglas V. Mastriano (REP) vs Josh Shapiro for Pennsylvania governor 2022 (Fabrizio/Impact, 2022-10-12)",PA,2022,1,Josh Shapiro,REP,0,-11.0,0,0.362,"Douglas V. Mastriano (REP) vs Josh Shapiro for Pennsylvania governor 2022 (Fabrizio/Impact, 2022-10-12)"
usgov2022_2022-10-11_AZ_81050_163275_dem,2022-10-11,"Katie Hobbs (DEM) vs Kari Lake for Arizona governor 2022 (InsiderAdvantage, 2022-10-11)",AZ,2022,1,Katie Hobbs,DEM,0,-3.7,1,0.454,"Katie Hobbs (DEM) vs Kari Lake for Arizona governor 2022 (InsiderAdvantage, 2022-10-11)"
usgov2022_2022-10-11_AZ_81050_163275_rep,2022-10-11,"Kari Lake (REP) vs Katie Hobbs for Arizona governor 2022 (InsiderAdvantage, 2022-10-11)",AZ,2022,1,Katie Hobbs,REP,1,3.7,0,0.546,"Kari Lake (REP) vs Katie Hobbs for Arizona governor 2022 (InsiderAdvantage, 2022-10-11)"
usgov2022_2022-10-11_GA_81013_163130_dem,2022-10-11,"Stacey Abrams (DEM) vs Brian Kemp for Georgia governor 2022 (Trafalgar Group, 2022-10-11)",GA,2022,1,Brian Kemp,DEM,0,-8.9,0,0.389,"Stacey Abrams (DEM) vs Brian Kemp for Georgia governor 2022 (Trafalgar Group, 2022-10-11)"
usgov2022_2022-10-11_GA_81013_163130_rep,2022-10-11,"Brian Kemp (REP) vs Stacey Abrams for Georgia governor 2022 (Trafalgar Group, 2022-10-11)",GA,2022,1,Brian Kemp,REP,1,8.9,1,0.611,"Brian Kemp (REP) vs Stacey Abrams for Georgia governor 2022 (Trafalgar Group, 2022-10-11)"
usgov2022_2022-10-11_GA_81051_163279_dem,2022-10-11,"Stacey Abrams (DEM) vs Brian Kemp for Georgia governor 2022 (Civiqs, 2022-10-11)",GA,2022,1,Brian Kemp,DEM,0,-5.0,0,0.438,"Stacey Abrams (DEM) vs Brian Kemp for Georgia governor 2022 (Civiqs, 2022-10-11)"
usgov2022_2022-10-11_GA_81051_163279_rep,2022-10-11,"Brian Kemp (REP) vs Stacey Abrams for Georgia governor 2022 (Civiqs, 2022-10-11)",GA,2022,1,Brian Kemp,REP,1,5.0,1,0.562,"Brian Kemp (REP) vs Stacey Abrams for Georgia governor 2022 (Civiqs, 2022-10-11)"
usgov2022_2022-10-11_PA_81061_163297_dem,2022-10-11,"Josh Shapiro (DEM) vs Douglas V. Mastriano for Pennsylvania governor 2022 (Trafalgar Group, 2022-10-11)",PA,2022,1,Josh Shapiro,DEM,1,9.3,1,0.616,"Josh Shapiro (DEM) vs Douglas V. Mastriano for Pennsylvania governor 2022 (Trafalgar Group, 2022-10-11)"
usgov2022_2022-10-11_PA_81061_163297_rep,2022-10-11,"Douglas V. Mastriano (REP) vs Josh Shapiro for Pennsylvania governor 2022 (Trafalgar Group, 2022-10-11)",PA,2022,1,Josh Shapiro,REP,0,-9.3,0,0.384,"Douglas V. Mastriano (REP) vs Josh Shapiro for Pennsylvania governor 2022 (Trafalgar Group, 2022-10-11)"
usgov2022_2022-10-10_GA_81029_163227_dem,2022-10-10,"Stacey Abrams (DEM) vs Brian Kemp for Georgia governor 2022 (Quinnipiac, 2022-10-10)",GA,2022,1,Brian Kemp,DEM,0,-1.0,0,0.487,"Stacey Abrams (DEM) vs Brian Kemp for Georgia governor 2022 (Quinnipiac, 2022-10-10)"
usgov2022_2022-10-10_GA_81029_163227_rep,2022-10-10,"Brian Kemp (REP) vs Stacey Abrams for Georgia governor 2022 (Quinnipiac, 2022-10-10)",GA,2022,1,Brian Kemp,REP,1,1.0,1,0.512,"Brian Kemp (REP) vs Stacey Abrams for Georgia governor 2022 (Quinnipiac, 2022-10-10)"
usgov2022_2022-10-09_OR_81037_163249_dem,2022-10-09,"Tina Kotek (DEM) vs Christine Drazan for Oregon governor 2022 (Clout Research, 2022-10-09)",OR,2022,1,Tina Kotek,DEM,1,-5.4,1,0.432,"Tina Kotek (DEM) vs Christine Drazan for Oregon governor 2022 (Clout Research, 2022-10-09)"
usgov2022_2022-10-09_OR_81037_163249_rep,2022-10-09,"Christine Drazan (REP) vs Tina Kotek for Oregon governor 2022 (Clout Research, 2022-10-09)",OR,2022,1,Tina Kotek,REP,0,5.4,0,0.568,"Christine Drazan (REP) vs Tina Kotek for Oregon governor 2022 (Clout Research, 2022-10-09)"
usgov2022_2022-10-09_WI_81032_163237_dem,2022-10-09,"Tony Evers (DEM) vs Tim Michels for Wisconsin governor 2022 (Marquette Law School, 2022-10-09)",WI,2022,1,Tony Evers,DEM,1,1.0,1,0.512,"Tony Evers (DEM) vs Tim Michels for Wisconsin governor 2022 (Marquette Law School, 2022-10-09)"
usgov2022_2022-10-09_WI_81032_163237_rep,2022-10-09,"Tim Michels (REP) vs Tony Evers for Wisconsin governor 2022 (Marquette Law School, 2022-10-09)",WI,2022,1,Tony Evers,REP,0,-1.0,0,0.487,"Tim Michels (REP) vs Tony Evers for Wisconsin governor 2022 (Marquette Law School, 2022-10-09)"
usgov2022_2022-10-09_WI_81032_163238_dem,2022-10-09,"Tony Evers (DEM) vs Tim Michels for Wisconsin governor 2022 (Marquette Law School, 2022-10-09)",WI,2022,1,Tony Evers,DEM,1,5.0,1,0.562,"Tony Evers (DEM) vs Tim Michels for Wisconsin governor 2022 (Marquette Law School, 2022-10-09)"
usgov2022_2022-10-09_WI_81032_163238_rep,2022-10-09,"Tim Michels (REP) vs Tony Evers for Wisconsin governor 2022 (Marquette Law School, 2022-10-09)",WI,2022,1,Tony Evers,REP,0,-5.0,0,0.438,"Tim Michels (REP) vs Tony Evers for Wisconsin governor 2022 (Marquette Law School, 2022-10-09)"
